agent,chain,job_id,global_iter,loss,val,rew,entropy_coef,abc,sr,valid_goals,invalid_goals,avg_xy,max_xy
alice,0,28556261,0,0.0202,0.3166,5.0809,1.0,,,307,890,0.045,0.504
alice,0,28556261,1,0.0015,0.3253,5.3551,0.9881,,,278,725,0.051,0.803
alice,0,28556261,2,-0.0022,0.2791,5.4149,0.9763,,,245,788,0.047,0.547
alice,0,28556261,3,0.0089,0.359,5.4309,0.9647,,,307,682,0.055,0.47
alice,0,28556261,4,-0.001,0.259,5.2935,0.9533,,,273,734,0.05,0.521
alice,0,28556261,5,0.0041,0.3049,5.2661,0.942,,,277,698,0.051,0.494
alice,0,28556261,6,0.0062,0.3169,5.3103,0.9309,,,285,708,0.052,0.504
alice,0,28556261,7,0.0051,0.3563,5.5868,0.9199,,,305,665,0.057,0.502
alice,0,28556261,8,-0.0042,0.252,5.0632,0.909,,,267,749,0.048,0.593
alice,0,28556261,9,0.0054,0.2909,5.0541,0.8983,,,289,696,0.054,0.557
alice,0,28556261,10,-0.002,0.2276,5.1954,0.8878,,,267,762,0.048,0.671
alice,0,28556261,11,-0.0018,0.3119,5.042,0.8773,,,297,684,0.055,0.63
alice,0,28556261,12,0.0037,0.3216,5.0323,0.8671,,,312,648,0.055,0.467
alice,0,28556261,13,0.0002,0.2356,5.1111,0.8569,,,269,731,0.052,0.526
alice,0,28556261,14,0.0003,0.3081,5.0924,0.8469,,,304,674,0.055,0.557
alice,0,28556261,15,0.0005,0.3126,5.1316,0.837,,,315,640,0.057,0.612
alice,0,28556261,16,-0.0054,0.2736,5.0686,0.8273,,,302,663,0.058,0.511
alice,0,28556261,17,-0.0007,0.2796,5.0865,0.8176,,,277,683,0.054,0.451
alice,0,28556261,18,0.0042,0.2711,4.8929,0.8081,,,292,707,0.053,0.742
alice,0,28556261,19,0.0011,0.2588,5.3402,0.7988,,,286,721,0.052,0.632
alice,0,28556261,20,0.0022,0.2976,5.5238,0.7895,,,289,677,0.056,0.528
alice,0,28556261,21,0.0034,0.2698,5.2308,0.7804,,,303,673,0.056,0.553
alice,0,28556261,22,-0.0021,0.2813,5.0952,0.7714,,,295,670,0.058,0.655
alice,0,28556261,23,0.0033,0.3284,5.4017,0.7625,,,313,632,0.056,0.469
alice,0,28556261,24,-0.0008,0.3295,5.1532,0.7537,,,302,642,0.059,0.473
alice,0,28556261,25,0.002,0.2677,5.037,0.7451,,,277,713,0.053,0.579
alice,0,28556261,26,0.0104,0.2931,5.2105,0.7366,,,302,703,0.054,0.564
alice,0,28556261,27,0.0052,0.273,5.1346,0.7281,,,295,676,0.054,0.4
alice,0,28556261,28,-0.0028,0.2757,5.2308,0.7198,,,293,678,0.054,0.563
alice,0,28556261,29,0.0038,0.3222,5.2672,0.7116,,,302,644,0.057,0.485
alice,0,28556261,30,0.001,0.2767,5.009,0.7035,,,295,701,0.053,0.499
alice,0,28556261,31,0.0009,0.2948,5.0796,0.6955,,,281,687,0.055,0.453
alice,0,28556261,32,0.0085,0.2612,4.625,0.6877,,,319,675,0.057,0.468
alice,0,28556261,33,0.004,0.282,4.7607,0.6799,,,326,622,0.06,0.527
alice,0,28556261,34,0.006,0.3214,5.181,0.6722,,,301,621,0.058,0.529
alice,0,28556261,35,0.0083,0.2634,5.0566,0.6646,,,301,693,0.056,0.457
alice,0,28556261,36,0.0074,0.3131,5.181,0.6572,,,312,635,0.058,0.478
alice,0,28556261,37,0.0026,0.251,4.9394,0.6498,,,286,696,0.051,0.474
alice,0,28556261,38,0.0174,0.3069,4.9344,0.6425,,,312,645,0.06,0.529
alice,0,28556261,39,0.0075,0.2523,4.7706,0.6353,,,289,695,0.053,0.378
alice,0,28556261,40,0.0166,0.2591,4.9813,0.6283,,,292,690,0.055,0.546
alice,0,28556261,41,0.0189,0.2449,4.95,0.6213,,,311,672,0.054,0.471
alice,0,28556261,42,0.0101,0.2649,5.2812,0.6144,,,289,670,0.054,0.469
alice,0,28556261,43,0.0152,0.253,4.6897,0.6076,,,318,643,0.06,0.467
alice,0,28556261,44,0.009,0.317,5.2821,0.6009,,,297,647,0.055,0.705
alice,0,28556261,45,0.016,0.3054,4.8931,0.5942,,,305,653,0.057,0.442
alice,0,28556261,46,0.0164,0.2749,5.0179,0.5877,,,287,694,0.052,0.574
alice,0,28556261,47,0.0199,0.3032,5.0152,0.5812,,,307,668,0.055,0.657
alice,0,28556261,48,0.02,0.3126,5.322,0.5749,,,315,667,0.057,0.522
alice,0,28556261,49,0.0051,0.2788,4.8929,0.5686,,,284,681,0.057,0.681
alice,0,28556261,50,0.0162,0.2882,5.1892,0.5624,,,308,669,0.057,0.559
alice,0,28556261,51,0.0101,0.2758,5.0354,0.5563,,,314,629,0.061,0.608
alice,0,28556261,52,0.0089,0.2329,4.75,0.5502,,,291,689,0.055,0.566
alice,0,28556261,53,0.0104,0.2484,5.2553,0.5443,,,290,674,0.059,0.572
alice,0,28556261,54,0.016,0.2273,4.9362,0.5384,,,306,686,0.057,0.565
alice,0,28556261,55,0.0031,0.2784,4.8839,0.5326,,,306,635,0.057,0.552
alice,0,28556261,56,0.0063,0.2384,5.02,0.5269,,,298,675,0.057,0.686
alice,0,28556261,57,0.0103,0.2841,4.75,0.5212,,,327,626,0.061,0.573
alice,0,28556261,58,0.0087,0.3052,5.0948,0.5156,,,318,593,0.061,0.447
alice,0,28556261,59,0.0093,0.2912,5.1532,0.5101,,,307,626,0.061,0.632
alice,0,28556261,60,0.0096,0.3272,4.9925,0.5047,,,308,637,0.058,0.476
alice,0,28556261,61,0.0132,0.2703,5.2661,0.4994,,,288,703,0.054,0.57
alice,0,28556261,62,0.0157,0.2722,5.0435,0.4941,,,317,661,0.06,0.423
alice,0,28556261,63,0.0072,0.214,4.5354,0.4889,,,292,688,0.051,0.386
alice,0,28556261,64,0.0166,0.2969,5.1453,0.4837,,,328,632,0.06,0.597
alice,0,28556261,65,0.0068,0.2989,5.2381,0.4786,,,300,626,0.058,0.541
alice,0,28556261,66,0.012,0.2514,4.7387,0.4736,,,310,664,0.056,0.495
alice,0,28556261,67,0.0119,0.255,4.9524,0.4687,,,298,652,0.056,0.526
alice,0,28556261,68,0.0171,0.2802,5.2411,0.4638,,,297,677,0.057,0.584
alice,0,28556261,69,0.0201,0.3188,5.1349,0.459,,,308,635,0.058,0.472
alice,0,28556261,70,0.0159,0.2347,4.6916,0.4542,,,305,689,0.055,0.507
alice,0,28556261,71,0.0114,0.26,4.8785,0.4496,,,306,661,0.057,0.42
alice,0,28556261,72,0.009,0.269,5.1905,0.4449,,,293,673,0.056,0.538
alice,0,28556261,73,0.0175,0.2972,5.2241,0.4404,,,300,649,0.058,0.537
alice,0,28556261,74,0.0195,0.2779,4.9496,0.4359,,,320,651,0.059,0.528
alice,0,28556261,75,0.0067,0.2577,5.0385,0.4314,,,294,677,0.055,0.545
alice,0,28556261,76,0.0143,0.2529,4.6404,0.427,,,314,651,0.058,0.712
alice,0,28556261,77,0.0137,0.2842,5.2453,0.4227,,,305,642,0.058,0.514
alice,0,28556261,78,0.0115,0.2867,4.9565,0.4184,,,313,628,0.06,0.546
alice,0,28556261,79,0.0129,0.2561,4.7963,0.4142,,,316,658,0.058,0.586
alice,0,28556261,80,0.0072,0.3174,5.4196,0.4101,,,301,627,0.059,0.585
alice,0,28556261,81,0.0083,0.2949,5.125,0.406,,,302,653,0.056,0.654
alice,0,28556261,82,0.0212,0.2888,4.5573,0.4019,,,321,637,0.061,0.563
alice,0,28556261,83,0.0195,0.2368,4.9604,0.3979,,,309,672,0.058,0.536
alice,0,28556261,84,0.0115,0.2526,4.8835,0.394,,,300,655,0.057,0.481
alice,0,28556261,85,0.0116,0.251,4.8624,0.3901,,,307,668,0.06,0.783
alice,0,28556261,86,0.011,0.255,4.9524,0.3863,,,289,676,0.054,0.396
alice,0,28556261,87,0.0142,0.361,5.028,0.3825,,,311,626,0.058,0.595
alice,0,28556261,88,0.0262,0.2892,5.2083,0.3787,,,323,647,0.062,0.549
alice,0,28556261,89,0.0197,0.2646,4.9189,0.375,,,322,628,0.06,0.49
alice,0,28556261,90,0.0161,0.2516,4.2917,0.3714,,,319,621,0.06,0.611
alice,0,28556261,91,0.0124,0.2759,4.9224,0.3678,,,301,655,0.056,0.565
alice,0,28556261,92,0.0209,0.2555,4.7241,0.3643,,,305,674,0.058,0.677
alice,0,28556261,93,0.0196,0.2764,4.8655,0.3608,,,310,662,0.058,0.538
alice,0,28556261,94,0.0199,0.283,5.0625,0.3573,,,318,652,0.059,0.553
alice,0,28556261,95,0.0055,0.2908,5.0877,0.3539,,,294,644,0.057,0.46
alice,0,28556261,96,0.0282,0.3074,5.2017,0.3506,,,308,644,0.059,0.607
alice,0,28556261,97,0.0183,0.2589,4.5556,0.3472,,,317,656,0.062,0.604
alice,0,28556261,98,0.0122,0.3269,4.9695,0.344,,,308,625,0.059,0.447
alice,0,28556261,99,0.0218,0.2991,4.9683,0.3407,,,305,660,0.058,0.514
alice,0,28556261,100,0.0232,0.3136,5.25,0.3376,,,303,658,0.059,0.433
alice,0,28556261,101,0.0197,0.244,4.7364,0.3344,,,306,702,0.057,0.668
alice,0,28556261,102,0.0098,0.2323,4.8021,0.3313,,,292,687,0.055,0.74
alice,0,28556261,103,0.0251,0.3693,5.2963,0.3282,,,330,578,0.063,0.641
alice,0,28556261,104,0.021,0.323,5.1339,0.3252,,,321,602,0.064,0.601
alice,0,28556261,105,0.0117,0.2603,4.6293,0.3222,,,303,681,0.059,0.737
alice,0,28556261,106,0.0237,0.324,5.1818,0.3193,,,306,640,0.059,0.666
alice,0,28556261,107,0.0258,0.3143,4.7594,0.3164,,,317,632,0.061,0.547
alice,0,28556261,108,0.0266,0.2794,5.3578,0.3135,,,324,638,0.06,0.494
alice,0,28556261,109,0.0143,0.2909,5.0367,0.3107,,,297,639,0.056,0.484
alice,0,28556261,110,0.0202,0.2744,4.8136,0.3079,,,324,642,0.059,0.563
alice,0,28556261,111,0.0262,0.2913,4.7395,0.3052,,,322,612,0.06,0.464
alice,0,28556261,112,0.0203,0.2997,4.9829,0.3025,,,338,592,0.066,0.554
alice,0,28556261,113,0.013,0.3012,5.1284,0.2998,,,304,612,0.06,0.47
alice,0,28556261,114,0.0217,0.3037,4.9837,0.2971,,,320,595,0.062,0.8
alice,0,28556261,115,0.0286,0.2822,4.925,0.2945,,,337,610,0.066,0.53
alice,0,28556261,116,0.0122,0.2467,4.6542,0.292,,,317,629,0.061,0.437
alice,0,28556261,117,0.0243,0.3003,4.8099,0.2894,,,329,603,0.066,0.453
alice,0,28556261,118,0.0159,0.3092,4.9113,0.2869,,,309,607,0.062,0.686
alice,0,28556261,119,0.0242,0.2769,4.925,0.2844,,,321,645,0.062,0.557
alice,0,28556261,120,0.0287,0.2364,4.6381,0.282,,,325,642,0.062,0.553
alice,0,28556261,121,0.0202,0.2895,4.7826,0.2796,,,334,577,0.066,0.479
alice,0,28556261,122,0.0224,0.2891,4.3282,0.2772,,,335,571,0.064,0.476
alice,0,28556261,123,0.0275,0.2903,4.8525,0.2749,,,334,609,0.062,0.505
alice,0,28556261,124,0.0181,0.2742,4.8739,0.2726,,,311,619,0.061,0.492
alice,0,28556261,125,0.0269,0.3414,4.9338,0.2703,,,333,582,0.065,0.47
alice,0,28556261,126,0.0244,0.3123,5.0984,0.268,,,320,611,0.063,0.577
alice,0,28556261,127,0.0173,0.2768,5.2056,0.2658,,,313,634,0.062,0.575
alice,0,28556261,128,0.0192,0.2962,5.1228,0.2636,,,323,630,0.061,0.499
alice,0,28556261,129,0.0195,0.2985,5.0172,0.2614,,,310,605,0.064,0.683
alice,0,28556261,130,0.0348,0.3021,5.1261,0.2593,,,330,615,0.063,0.489
alice,0,28556261,131,0.0252,0.3169,5.0244,0.2572,,,335,578,0.067,0.542
alice,0,28556261,132,0.0161,0.3202,4.8583,0.2551,,,320,585,0.068,0.558
alice,0,28556261,133,0.0347,0.3226,5.1339,0.2531,,,340,589,0.069,0.614
alice,0,28556261,134,0.0205,0.3482,5.3145,0.251,,,329,557,0.068,0.537
alice,0,28556261,135,0.0276,0.3252,4.9695,0.249,,,332,582,0.067,0.473
alice,0,28556261,136,0.0306,0.3077,4.7594,0.2471,,,335,593,0.065,0.469
alice,0,28556261,137,0.0394,0.3534,5.0672,0.2451,,,335,571,0.067,0.475
alice,0,28556261,138,0.0213,0.3376,4.741,0.2432,,,343,555,0.071,0.537
alice,0,28556261,139,0.0364,0.3553,4.9853,0.2413,,,347,543,0.072,0.484
alice,0,28556261,140,0.0257,0.3179,4.876,0.2394,,,331,570,0.071,0.715
alice,0,28556261,141,0.0301,0.3347,4.7943,0.2376,,,334,589,0.065,0.508
alice,0,28556261,142,0.0397,0.3536,5.0288,0.2358,,,336,573,0.068,0.428
alice,0,28556261,143,0.0315,0.3642,4.7987,0.234,,,358,531,0.072,0.745
alice,0,28556261,144,0.0265,0.3094,4.8372,0.2322,,,337,600,0.065,0.478
alice,0,28556261,145,0.0274,0.2564,4.7358,0.2305,,,339,583,0.068,0.531
alice,0,28556261,146,0.0245,0.2914,4.7391,0.2287,,,329,585,0.066,0.535
alice,0,28556261,147,0.0326,0.4034,5.0411,0.227,,,351,511,0.074,0.698
alice,0,28556261,148,0.0355,0.3277,4.8636,0.2253,,,360,528,0.073,0.735
alice,0,28556261,149,0.0332,0.3203,4.6269,0.2237,,,351,531,0.069,0.482
alice,0,28556261,150,0.0395,0.3355,4.6573,0.222,,,367,507,0.075,0.492
alice,0,28556261,151,0.0456,0.3273,4.6269,0.2204,,,358,515,0.075,0.594
alice,0,28556261,152,0.0296,0.3647,5.0226,0.2188,,,337,527,0.071,0.464
alice,0,28556261,153,0.039,0.3216,4.7556,0.2173,,,376,531,0.071,0.498
alice,0,28556261,154,0.0246,0.3357,4.9062,0.2157,,,339,533,0.068,0.7
alice,0,28556261,155,0.0302,0.348,4.8028,0.2142,,,361,521,0.073,0.462
alice,0,28556261,156,0.0299,0.3654,4.7917,0.2127,,,355,513,0.072,0.538
alice,0,28556261,157,0.0255,0.3074,4.6692,0.2112,,,351,541,0.07,0.515
alice,0,28556261,158,0.0374,0.2956,4.7583,0.2097,,,338,569,0.068,0.444
alice,0,28556261,159,0.0297,0.3234,4.7313,0.2083,,,360,527,0.069,0.757
alice,0,28556261,160,0.0214,0.3088,4.5538,0.2068,,,339,549,0.066,0.787
alice,0,28556261,161,0.0451,0.3045,4.5714,0.2054,,,381,520,0.075,0.515
alice,0,28556261,162,0.0347,0.3322,4.8115,0.204,,,359,493,0.076,0.627
alice,0,28556261,163,0.0303,0.3554,4.9466,0.2026,,,359,495,0.077,0.579
alice,0,28556261,164,0.037,0.3711,4.7075,0.2013,,,378,469,0.076,0.649
alice,0,28556261,165,0.0417,0.3583,4.6972,0.1999,,,370,485,0.075,0.465
alice,0,28556261,166,0.0365,0.3677,4.6149,0.1986,,,368,473,0.076,0.474
alice,0,28556261,167,0.0351,0.3992,4.8889,0.1973,,,372,490,0.078,0.578
alice,0,28556261,168,0.0353,0.3056,4.7097,0.196,,,349,538,0.07,0.564
alice,0,28556261,169,0.0314,0.38,4.964,0.1948,,,357,507,0.071,0.436
alice,0,28556261,170,0.0325,0.3819,4.9655,0.1935,,,362,500,0.073,0.386
alice,0,28556261,171,0.0448,0.3594,4.8759,0.1923,,,370,490,0.079,0.531
alice,0,28556261,172,0.0401,0.3924,4.9655,0.191,,,362,479,0.078,0.739
alice,0,28556261,173,0.0361,0.4474,4.6971,0.1898,,,384,453,0.082,0.753
alice,0,28556261,174,0.0513,0.4019,4.761,0.1887,,,394,447,0.08,0.661
alice,0,28556261,175,0.0426,0.3963,4.6688,0.1875,,,379,441,0.082,0.678
alice,0,28556261,176,0.0532,0.4305,4.9688,0.1863,,,389,433,0.086,0.434
alice,0,28556261,177,0.0404,0.3983,4.8255,0.1852,,,398,418,0.084,0.573
alice,0,28556261,178,0.0331,0.3675,4.8722,0.1841,,,360,493,0.078,0.577
alice,0,28556261,179,0.0539,0.4051,5.1135,0.1829,,,378,448,0.082,0.527
alice,0,28556261,180,0.0251,0.3737,4.8214,0.1818,,,343,522,0.072,0.489
alice,0,28556261,181,0.0471,0.3763,5.3284,0.1808,,,367,507,0.078,0.56
alice,0,28556261,182,0.0486,0.4594,5.141,0.1797,,,397,402,0.088,0.617
alice,0,28556261,183,0.0391,0.3634,4.8406,0.1786,,,355,488,0.075,0.499
alice,0,28556261,184,0.0503,0.3939,5.1986,0.1776,,,386,474,0.083,0.693
alice,0,28556261,185,0.047,0.3902,4.9281,0.1766,,,363,460,0.078,0.728
alice,0,28556261,186,0.0477,0.3776,4.6667,0.1756,,,381,453,0.085,0.572
alice,0,28556261,187,0.064,0.4571,5.1083,0.1746,,,398,400,0.091,0.469
alice,0,28556261,188,0.0229,0.3893,4.8542,0.1736,,,356,480,0.073,0.475
alice,0,28556261,189,0.0545,0.3305,4.75,0.1726,,,374,503,0.076,0.591
alice,0,28556261,190,0.0421,0.3715,4.7397,0.1716,,,372,469,0.079,0.497
alice,0,28556261,191,0.0525,0.4468,5.057,0.1707,,,383,427,0.087,0.64
alice,0,28556261,192,0.0665,0.4108,5.1379,0.1698,,,392,428,0.084,0.591
alice,0,28556261,193,0.045,0.4077,4.7468,0.1688,,,366,450,0.08,0.54
alice,0,28556261,194,0.0608,0.4048,5.0397,0.1679,,,392,463,0.082,0.51
alice,0,28556261,195,0.0368,0.3685,4.7143,0.167,,,368,456,0.078,0.499
alice,0,28556261,196,0.0649,0.3744,4.6429,0.1661,,,395,446,0.08,0.503
alice,0,28556261,197,0.065,0.3681,4.8394,0.1653,,,394,419,0.08,0.402
alice,0,28556261,198,0.0416,0.3333,4.7795,0.1644,,,364,477,0.076,0.586
alice,0,28556261,199,0.0497,0.4028,4.9184,0.1635,,,386,438,0.083,0.613
alice,0,28556261,200,0.047,0.4731,5.2581,0.1627,,,380,415,0.082,0.577
alice,0,28556261,201,0.0539,0.4086,4.7107,0.1619,,,409,417,0.086,0.517
alice,0,28556261,202,0.0443,0.4446,4.7484,0.1611,,,406,386,0.091,0.593
alice,0,28556261,203,0.0468,0.3786,4.7868,0.1602,,,385,428,0.082,0.629
alice,0,28556261,204,0.0232,0.4197,4.6452,0.1594,,,394,416,0.085,0.562
alice,0,28556261,205,0.0468,0.4077,4.8356,0.1587,,,394,417,0.09,0.574
alice,0,28556261,206,0.0556,0.4863,5.0566,0.1579,,,411,357,0.095,0.585
alice,0,28556261,207,0.0416,0.364,4.6765,0.1571,,,380,435,0.08,0.434
alice,0,28556261,208,0.05,0.3655,4.8722,0.1564,,,383,454,0.077,0.564
alice,0,28556261,209,0.0432,0.3766,4.8235,0.1556,,,378,431,0.082,0.43
alice,0,28556261,210,0.068,0.3885,5.0074,0.1549,,,425,375,0.097,0.587
alice,0,28556261,211,0.0457,0.3871,4.806,0.1542,,,387,384,0.086,0.541
alice,0,28556261,212,0.066,0.4789,5.0629,0.1534,,,411,356,0.096,0.853
alice,0,28556261,213,0.0474,0.4257,4.9026,0.1527,,,386,402,0.092,0.594
alice,0,28556261,214,0.0672,0.4185,4.9346,0.152,,,406,399,0.089,0.731
alice,0,28556261,215,0.0456,0.3533,4.6742,0.1513,,,385,425,0.085,0.616
alice,0,28556261,216,0.0651,0.4264,4.8658,0.1507,,,395,419,0.087,0.6
alice,0,28556261,217,0.0345,0.4235,4.8333,0.15,,,379,434,0.081,0.541
alice,0,28556261,218,0.0496,0.414,4.7898,0.1493,,,391,423,0.085,0.592
alice,0,28556261,219,0.0653,0.484,5.1925,0.1487,,,411,377,0.094,0.572
alice,0,28556261,220,0.0606,0.4669,5.085,0.148,,,391,394,0.087,0.555
alice,0,28556261,221,0.0773,0.4408,5.0705,0.1474,,,413,373,0.093,0.47
alice,0,28556261,222,0.0547,0.3846,4.5442,0.1468,,,395,395,0.087,0.528
alice,0,28556261,223,0.0642,0.4574,5.1026,0.1462,,,405,380,0.089,0.47
alice,0,28556261,224,0.0448,0.4366,4.9,0.1455,,,413,362,0.094,0.491
alice,0,28556261,225,0.0645,0.387,4.7929,0.1449,,,404,386,0.091,0.586
alice,0,28556261,226,0.0615,0.3594,4.8281,0.1443,,,402,381,0.091,0.452
alice,0,28556261,227,0.0698,0.4258,4.7987,0.1438,,,421,341,0.1,0.663
alice,0,28556261,228,0.0514,0.494,4.9557,0.1432,,,420,332,0.098,0.758
alice,0,28556261,229,0.0564,0.4873,4.882,0.1426,,,423,311,0.101,0.547
alice,0,28556261,230,0.0639,0.4831,4.9688,0.142,,,404,359,0.093,0.573
alice,0,28556261,231,0.0591,0.5036,4.75,0.1415,,,428,339,0.097,0.528
alice,0,28556261,232,0.062,0.4012,4.557,0.1409,,,418,354,0.097,0.484
alice,0,28556261,233,0.0766,0.4278,4.7013,0.1404,,,418,347,0.096,0.684
alice,0,28556261,234,0.0601,0.4543,4.5294,0.1399,,,422,349,0.096,0.483
alice,0,28556261,235,0.066,0.4615,4.8882,0.1393,,,416,348,0.098,0.628
alice,0,28556261,236,0.0443,0.4458,4.6923,0.1388,,,417,360,0.095,0.564
alice,0,28556261,237,0.0678,0.461,4.8199,0.1383,,,419,343,0.1,0.55
alice,0,28556261,238,0.0768,0.393,4.7397,0.1378,,,402,374,0.094,0.65
alice,0,28556261,239,0.0479,0.3849,4.2875,0.1373,,,428,364,0.095,0.649
alice,0,28556261,240,0.0432,0.4594,4.8462,0.1368,,,401,362,0.095,0.614
alice,0,28556261,241,0.0802,0.4267,4.681,0.1363,,,398,398,0.091,0.521
alice,0,28556261,242,0.037,0.4044,4.8808,0.1358,,,396,406,0.091,0.869
alice,0,28556261,243,0.0633,0.4998,4.882,0.1354,,,427,322,0.102,0.495
alice,0,28556261,244,0.0825,0.4495,4.8554,0.1349,,,407,380,0.089,0.551
alice,0,28556261,245,0.055,0.5087,5.1228,0.1344,,,403,359,0.092,0.526
alice,0,28556261,246,0.0739,0.4301,4.9506,0.134,,,411,383,0.091,0.565
alice,0,28556261,247,0.0746,0.4737,4.8024,0.1335,,,427,344,0.095,0.524
alice,0,28556261,248,0.0731,0.4248,4.7667,0.1331,,,412,360,0.096,0.574
alice,0,28556261,249,0.0821,0.42,4.7838,0.1326,,,428,341,0.097,0.48
alice,0,28556261,250,0.0508,0.4616,4.6943,0.1322,,,441,289,0.111,0.587
alice,0,28556261,251,0.0676,0.4302,4.6463,0.1322,,,413,354,0.096,0.711
alice,0,28556261,252,0.0652,0.434,4.9236,0.1322,,,408,350,0.1,0.59
alice,0,28556261,253,0.0575,0.499,4.9118,0.1322,,,430,317,0.106,0.864
alice,0,28568871,254,0.101,0.4697,4.6628,0.1322,,,421,348,0.104,0.764
alice,0,28568871,255,0.0813,0.5054,4.9181,0.1322,,,411,350,0.099,0.61
alice,0,28568871,256,0.103,0.5556,4.7098,0.1322,,,430,303,0.108,0.659
alice,0,28568871,257,0.1,0.4062,4.4207,0.1322,,,439,350,0.103,0.627
alice,0,28568871,258,0.0998,0.5197,4.7931,0.1322,,,429,288,0.115,0.599
alice,0,28568871,259,0.0764,0.5014,4.9017,0.1322,,,411,344,0.099,0.64
alice,0,28568871,260,0.1189,0.5821,4.8164,0.1322,,,442,285,0.107,0.597
alice,0,28568871,261,0.1114,0.5306,4.7551,0.1322,,,439,305,0.113,0.634
alice,0,28568871,262,0.0843,0.4068,4.4379,0.1322,,,438,341,0.109,0.595
alice,0,28568871,263,0.0834,0.5194,5.0606,0.1322,,,438,291,0.115,0.743
alice,0,28568871,264,0.0892,0.5268,4.7151,0.1322,,,431,279,0.111,0.601
alice,0,28568871,265,0.1297,0.5319,4.7895,0.1322,,,451,265,0.118,0.558
alice,0,28568871,266,0.0831,0.4734,4.7929,0.1322,,,425,326,0.11,0.712
alice,0,28568871,267,0.0837,0.463,4.6994,0.1322,,,436,324,0.114,0.567
alice,0,28568871,268,0.0996,0.4967,4.6648,0.1322,,,432,292,0.113,0.607
alice,0,28568871,269,0.1007,0.4901,4.7978,0.1322,,,442,287,0.118,0.558
alice,0,28568871,270,0.1088,0.5494,4.8421,0.1322,,,440,278,0.115,0.711
alice,0,28568871,271,0.1156,0.4707,4.6927,0.1322,,,443,296,0.116,0.693
alice,0,28568871,272,0.1155,0.4717,4.5311,0.1322,,,456,284,0.117,0.622
alice,0,28568871,273,0.083,0.423,4.6986,0.1322,,,426,329,0.113,0.573
alice,0,28568871,274,0.0908,0.4558,4.5312,0.1322,,,432,306,0.109,0.568
alice,0,28568871,275,0.1036,0.4443,4.503,0.1322,,,439,305,0.113,0.5
alice,0,28568871,276,0.0872,0.4056,4.5855,0.1322,,,447,293,0.112,0.779
alice,0,28568871,277,0.095,0.4458,4.4724,0.1322,,,445,283,0.115,0.542
alice,0,28568871,278,0.0653,0.4521,4.7403,0.1322,,,418,326,0.106,0.675
alice,0,28568871,279,0.0672,0.5172,4.7644,0.1322,,,416,333,0.106,0.595
alice,0,28568871,280,0.0863,0.4511,4.5318,0.1322,,,443,308,0.112,0.708
alice,0,28568871,281,0.0774,0.468,4.5673,0.1322,,,441,297,0.105,0.564
alice,0,28568871,282,0.0724,0.5171,4.534,0.1322,,,450,264,0.116,0.622
alice,0,28568871,283,0.1011,0.4588,4.6416,0.1322,,,465,280,0.118,0.635
alice,0,28568871,284,0.0687,0.4314,4.2159,0.1322,,,435,288,0.116,0.68
alice,0,28568871,285,0.0831,0.4556,4.4607,0.1322,,,450,317,0.113,0.668
alice,0,28568871,286,0.0737,0.4514,4.4024,0.1322,,,432,303,0.112,0.761
alice,0,28568871,287,0.0825,0.5331,4.6842,0.1322,,,440,271,0.115,0.723
alice,0,28568871,288,0.0871,0.4562,4.5414,0.1322,,,445,317,0.111,0.712
alice,0,28568871,289,0.083,0.4723,4.5876,0.1322,,,431,311,0.11,0.525
alice,0,28568871,290,0.0837,0.4233,4.2778,0.1322,,,428,353,0.106,0.643
alice,0,28568871,291,0.098,0.494,4.6075,0.1322,,,448,294,0.118,0.631
alice,0,28568871,292,0.1009,0.4698,4.459,0.1322,,,443,296,0.117,0.837
alice,0,28568871,293,0.0713,0.4491,4.5928,0.1322,,,427,342,0.106,0.618
alice,0,28568871,294,0.0702,0.4202,4.5663,0.1322,,,417,375,0.106,0.66
alice,0,28568871,295,0.0908,0.3729,4.4133,0.1322,,,422,375,0.105,0.842
alice,0,28568871,296,0.0809,0.4093,4.2081,0.1322,,,448,307,0.107,0.643
alice,0,28568871,297,0.0738,0.4182,4.4125,0.1322,,,415,334,0.101,0.639
alice,0,28568871,298,0.0856,0.5115,4.7081,0.1322,,,430,307,0.112,0.742
alice,0,28568871,299,0.0898,0.4858,4.736,0.1322,,,428,322,0.11,0.675
alice,0,28568871,300,0.0849,0.5796,4.803,0.1322,,,450,275,0.121,0.616
alice,0,28568871,301,0.0872,0.4433,4.8171,0.1322,,,421,356,0.112,0.857
alice,0,28568871,302,0.0709,0.3979,4.3544,0.1322,,,419,358,0.1,0.608
alice,0,28568871,303,0.0801,0.4157,4.237,0.1322,,,439,316,0.111,0.619
alice,0,28568871,304,0.0931,0.4104,4.5759,0.1322,,,413,371,0.104,0.552
alice,0,28568871,305,0.0643,0.4075,4.2386,0.1322,,,432,352,0.105,0.601
alice,0,28568871,306,0.0694,0.4168,4.4176,0.1322,,,423,339,0.105,0.784
alice,0,28568871,307,0.0757,0.3576,3.8824,0.1322,,,419,399,0.097,0.57
alice,0,28568871,308,0.0763,0.42,4.4756,0.1322,,,407,382,0.099,0.543
alice,0,28568871,309,0.076,0.4082,4.2079,0.1322,,,413,393,0.094,0.651
alice,0,28568871,310,0.0925,0.4202,4.1749,0.1322,,,425,369,0.103,0.712
alice,0,28568871,311,0.0813,0.3708,4.0747,0.1322,,,414,397,0.095,0.598
alice,0,28568871,312,0.0689,0.3592,4.0636,0.1322,,,422,410,0.096,0.55
alice,0,28568871,313,0.0928,0.429,4.4682,0.1322,,,416,362,0.101,0.606
alice,0,28568871,314,0.079,0.4632,4.5635,0.1322,,,429,337,0.117,0.839
alice,0,28568871,315,0.0737,0.4489,4.7866,0.1322,,,413,359,0.108,0.68
alice,0,28568871,316,0.0836,0.4024,4.2647,0.1322,,,410,400,0.095,0.52
alice,0,28568871,317,0.074,0.436,4.697,0.1322,,,397,415,0.092,0.623
alice,0,28568871,318,0.0882,0.4191,4.5329,0.1322,,,408,370,0.102,0.591
alice,0,28568871,319,0.0888,0.491,4.3398,0.1322,,,427,363,0.108,0.74
alice,0,28568871,320,0.0831,0.4436,4.275,0.1322,,,440,376,0.101,0.559
alice,0,28568871,321,0.0934,0.3932,4.0508,0.1322,,,436,369,0.105,0.617
alice,0,28568871,322,0.0755,0.4383,4.2418,0.1322,,,419,364,0.101,0.553
alice,0,28568871,323,0.1046,0.4331,4.4831,0.1322,,,433,358,0.104,0.586
alice,0,28568871,324,0.0803,0.4819,4.4974,0.1322,,,426,319,0.107,0.731
alice,0,28568871,325,0.1042,0.402,4.3046,0.1322,,,432,372,0.105,0.621
alice,0,28568871,326,0.0827,0.4097,4.3832,0.1322,,,424,345,0.106,0.601
alice,0,28568871,327,0.08,0.3915,4.2544,0.1322,,,392,426,0.093,0.677
alice,0,28568871,328,0.0726,0.3818,4.5152,0.1322,,,416,424,0.099,0.547
alice,0,28568871,329,0.0699,0.4042,4.3626,0.1322,,,409,375,0.1,0.595
alice,0,28568871,330,0.1072,0.4495,4.9112,0.1322,,,432,351,0.107,0.776
alice,0,28568871,331,0.0766,0.3692,4.1677,0.1322,,,422,352,0.108,0.554
alice,0,28568871,332,0.068,0.3767,3.9722,0.1322,,,413,376,0.105,0.599
alice,0,28568871,333,0.0891,0.3845,4.1081,0.1322,,,429,404,0.1,0.726
alice,0,28568871,334,0.0976,0.3823,4.1143,0.1322,,,459,342,0.113,0.775
alice,0,28568871,335,0.0519,0.4069,4.0655,0.1322,,,420,354,0.108,0.685
alice,0,28568871,336,0.0756,0.4428,4.5092,0.1322,,,418,345,0.11,0.677
alice,0,28568871,337,0.0926,0.4218,4.2941,0.1322,,,425,369,0.108,0.792
alice,0,28568871,338,0.0586,0.3404,4.0537,0.1322,,,392,436,0.092,0.525
alice,0,28568871,339,0.0863,0.3842,4.1607,0.1322,,,433,372,0.105,0.646
alice,0,28568871,340,0.0776,0.4318,4.2471,0.1322,,,428,347,0.102,0.57
alice,0,28568871,341,0.0759,0.3121,3.6506,0.1322,,,430,388,0.096,0.649
alice,0,28568871,342,0.0726,0.4285,3.9946,0.1322,,,426,350,0.105,0.685
alice,0,28568871,343,0.0751,0.4119,4.0851,0.1322,,,436,353,0.101,0.489
alice,0,28568871,344,0.087,0.4224,4.3427,0.1322,,,428,354,0.108,0.597
alice,0,28568871,345,0.0929,0.454,4.5196,0.1322,,,410,359,0.101,0.677
alice,0,28568871,346,0.0935,0.4257,4.2973,0.1322,,,440,360,0.108,0.735
alice,0,28568871,347,0.0739,0.4054,3.9891,0.1322,,,435,361,0.101,0.497
alice,0,28568871,348,0.0611,0.415,4.3588,0.1322,,,411,380,0.103,0.825
alice,0,28568871,349,0.0965,0.4049,4.1081,0.1322,,,445,359,0.105,0.594
alice,0,28568871,350,0.0712,0.3637,3.9167,0.1322,,,424,366,0.104,0.584
alice,0,28568871,351,0.0672,0.3714,3.9941,0.1322,,,419,380,0.098,0.684
alice,0,28568871,352,0.0845,0.4482,4.4066,0.1322,,,439,325,0.112,0.597
alice,0,28568871,353,0.058,0.4108,4.6667,0.1322,,,380,428,0.093,0.695
alice,0,28568871,354,0.0789,0.3914,4.1844,0.1322,,,433,392,0.101,0.562
alice,0,28568871,355,0.0798,0.4246,4.0212,0.1322,,,436,339,0.113,0.6
alice,0,28568871,356,0.0744,0.4204,4.3006,0.1322,,,412,391,0.103,0.644
alice,0,28568871,357,0.0713,0.3463,3.907,0.1322,,,411,418,0.1,0.601
alice,0,28568871,358,0.0691,0.4096,4.0952,0.1322,,,437,380,0.105,0.706
alice,0,28568871,359,0.0774,0.4043,3.9945,0.1322,,,426,366,0.103,0.635
alice,0,28568871,360,0.0611,0.3503,3.7771,0.1322,,,418,424,0.097,0.69
alice,0,28568871,361,0.0697,0.3752,3.8453,0.1322,,,426,376,0.103,0.747
alice,0,28568871,362,0.0705,0.3705,3.905,0.1322,,,431,389,0.101,0.572
alice,0,28568871,363,0.0801,0.3994,4.1397,0.1322,,,415,374,0.103,0.712
alice,0,28568871,364,0.0851,0.3914,4.1081,0.1322,,,435,371,0.106,0.623
alice,0,28568871,365,0.0772,0.3095,3.6946,0.1322,,,433,381,0.1,0.768
alice,0,28568871,366,0.0642,0.3375,3.6629,0.1322,,,424,382,0.099,0.621
alice,0,28568871,367,0.0907,0.4521,4.2051,0.1322,,,435,334,0.105,0.495
alice,0,28568871,368,0.0795,0.4193,4.2216,0.1322,,,438,339,0.104,0.582
alice,0,28568871,369,0.0892,0.374,3.8571,0.1322,,,452,359,0.103,0.673
alice,0,28568871,370,0.0606,0.346,3.9814,0.1322,,,423,363,0.095,0.598
alice,0,28568871,371,0.0873,0.4024,3.8385,0.1322,,,452,332,0.106,0.567
alice,0,28568871,372,0.0679,0.4031,3.7919,0.1322,,,456,324,0.104,0.58
alice,0,28568871,373,0.0768,0.4021,3.962,0.1322,,,451,316,0.106,0.583
alice,0,28568871,374,0.0582,0.3962,4.1792,0.1322,,,418,357,0.105,0.767
alice,0,28568871,375,0.0743,0.4193,3.9545,0.1322,,,436,362,0.1,0.542
alice,0,28568871,376,0.0552,0.313,3.9484,0.1322,,,395,460,0.087,0.775
alice,0,28568871,377,0.0783,0.4221,4.0,0.1322,,,435,354,0.101,0.501
alice,0,28568871,378,0.0555,0.384,3.8608,0.1322,,,432,384,0.096,0.638
alice,0,28568871,379,0.0645,0.4199,4.125,0.1322,,,406,400,0.09,0.52
alice,0,28568871,380,0.086,0.4084,4.0146,0.1322,,,436,381,0.101,0.651
alice,0,28568871,381,0.0823,0.3453,4.1053,0.1322,,,424,413,0.099,0.71
alice,0,28568871,382,0.0711,0.3985,3.9839,0.1322,,,427,369,0.097,0.508
alice,0,28568871,383,0.0733,0.393,4.1217,0.1322,,,428,389,0.097,0.647
alice,0,28568871,384,0.0748,0.3893,4.3533,0.1322,,,432,374,0.101,0.482
alice,0,28568871,385,0.0636,0.382,3.8827,0.1322,,,435,363,0.105,0.662
alice,0,28568871,386,0.079,0.4344,4.1967,0.1322,,,445,324,0.114,0.602
alice,0,28568871,387,0.0731,0.3782,3.9885,0.1322,,,448,318,0.112,0.579
alice,0,28568871,388,0.0789,0.4417,4.1793,0.1322,,,432,329,0.113,0.63
alice,0,28568871,389,0.0702,0.4062,4.0105,0.1322,,,433,370,0.107,0.793
alice,0,28568871,390,0.0891,0.4403,3.9469,0.1322,,,456,322,0.117,0.681
alice,0,28568871,391,0.0808,0.4443,4.2083,0.1322,,,446,331,0.114,0.64
alice,0,28568871,392,0.098,0.4265,4.2278,0.1322,,,420,369,0.105,0.667
alice,0,28568871,393,0.1041,0.3883,3.9,0.1322,,,426,378,0.1,0.718
alice,0,28568871,394,0.0557,0.3497,3.5635,0.1322,,,422,428,0.094,0.723
alice,0,28568871,395,0.1012,0.4093,3.9487,0.1322,,,445,350,0.115,0.918
alice,0,28568871,396,0.0838,0.367,3.6804,0.1322,,,438,371,0.102,0.534
alice,0,28568871,397,0.0787,0.4407,4.3155,0.1322,,,431,347,0.105,0.653
alice,0,28568871,398,0.0832,0.3905,3.7857,0.1322,,,433,349,0.106,0.672
alice,0,28568871,399,0.0731,0.4219,4.099,0.1322,,,439,372,0.102,0.612
alice,0,28568871,400,0.0717,0.3433,3.7841,0.1322,,,427,399,0.101,0.588
alice,0,28568871,401,0.0799,0.3654,3.7283,0.1322,,,430,382,0.1,0.698
alice,0,28568871,402,0.0925,0.4198,4.2961,0.1322,,,436,345,0.101,0.503
alice,0,28568871,403,0.082,0.3926,3.8549,0.1322,,,438,341,0.104,0.64
alice,0,28568871,404,0.0792,0.3816,3.8827,0.1322,,,448,337,0.107,0.683
alice,0,28568871,405,0.0637,0.36,3.8588,0.1322,,,432,377,0.101,0.736
alice,0,28568871,406,0.0876,0.3988,3.8316,0.1322,,,434,347,0.104,0.573
alice,0,28568871,407,0.099,0.4477,4.2323,0.1322,,,449,330,0.114,0.636
alice,0,28568871,408,0.1018,0.4157,3.95,0.1322,,,445,330,0.105,0.509
alice,0,28568871,409,0.0712,0.4049,3.8905,0.1322,,,441,361,0.099,0.532
alice,0,28568871,410,0.0771,0.3989,3.8112,0.1322,,,446,352,0.104,0.65
alice,0,28568871,411,0.0798,0.3669,3.6895,0.1322,,,446,365,0.102,0.724
alice,0,28568871,412,0.0796,0.3867,3.9396,0.1322,,,420,384,0.103,0.607
alice,0,28568871,413,0.0926,0.3912,3.8836,0.1322,,,450,361,0.102,0.586
alice,0,28568871,414,0.0529,0.4057,3.8238,0.1322,,,439,344,0.099,0.533
alice,0,28568871,415,0.0742,0.4358,4.1218,0.1322,,,433,338,0.11,0.565
alice,0,28568871,416,0.0887,0.3998,3.8744,0.1322,,,447,362,0.103,0.528
alice,0,28568871,417,0.0784,0.3638,3.8684,0.1322,,,435,372,0.097,0.611
alice,0,28568871,418,0.0747,0.3848,3.9101,0.1322,,,443,370,0.101,0.658
alice,0,28568871,419,0.0864,0.402,3.9365,0.1322,,,435,353,0.106,0.528
alice,0,28568871,420,0.0711,0.3218,3.5676,0.1322,,,454,372,0.103,0.804
alice,0,28568871,421,0.0571,0.3648,3.8613,0.1322,,,415,376,0.1,0.696
alice,0,28568871,422,0.0803,0.3711,4.0,0.1322,,,424,391,0.103,0.722
alice,0,28568871,423,0.1055,0.4178,4.0198,0.1322,,,447,349,0.107,0.631
alice,0,28568871,424,0.0531,0.4112,4.1505,0.1322,,,406,407,0.094,0.728
bob,0,28556261,0,-0.034,0.211,0.0,,-1.0149,0.1838,,,,
bob,0,28556261,1,0.0003,0.1082,0.0,,-1.012,0.0683,,,,
bob,0,28556261,2,0.0004,0.1082,0.0,,-1.0138,0.0755,,,,
bob,0,28556261,3,-0.0026,0.105,0.0,,-1.0163,0.073,,,,
bob,0,28556261,4,0.0005,0.1267,0.0,,-1.0258,0.0833,,,,
bob,0,28556261,5,-0.001,0.1402,0.0,,-1.0169,0.0931,,,,
bob,0,28556261,6,0.0015,0.1147,0.0,,-1.028,0.0775,,,,
bob,0,28556261,7,-0.0016,0.1075,0.0,,-1.0371,0.069,,,,
bob,0,28556261,8,-0.0014,0.1267,0.0,,-1.0423,0.0827,,,,
bob,0,28556261,9,-0.0001,0.1477,0.0,,-1.0358,0.1021,,,,
bob,0,28556261,10,0.0008,0.1386,0.0,,-1.0281,0.0943,,,,
bob,0,28556261,11,0.0003,0.1529,0.0,,-1.0526,0.1037,,,,
bob,0,28556261,12,-0.0005,0.1713,0.0,,-1.0688,0.1159,,,,
bob,0,28556261,13,-0.0015,0.1378,0.0,,-1.0511,0.0899,,,,
bob,0,28556261,14,0.0001,0.1367,0.0,,-1.0405,0.0872,,,,
bob,0,28556261,15,0.0018,0.117,0.0,,-1.071,0.087,,,,
bob,0,28556261,16,-0.0014,0.1257,0.0,,-1.0376,0.0858,,,,
bob,0,28556261,17,-0.0001,0.1719,0.0,,-1.0486,0.1151,,,,
bob,0,28556261,18,0.0008,0.1384,0.0,,-1.0745,0.0912,,,,
bob,0,28556261,19,-0.0009,0.0972,0.0,,-1.0463,0.0722,,,,
bob,0,28556261,20,-0.0007,0.095,0.0,,-1.0634,0.0612,,,,
bob,0,28556261,21,-0.0007,0.1173,0.0,,-1.0756,0.0799,,,,
bob,0,28556261,22,-0.0001,0.1254,0.0,,-1.0323,0.0822,,,,
bob,0,28556261,23,-0.0003,0.1082,0.0,,-1.066,0.0717,,,,
bob,0,28556261,24,0.0009,0.1381,0.0,,-1.0832,0.0938,,,,
bob,0,28556261,25,0.0003,0.1332,0.0,,-1.0586,0.0909,,,,
bob,0,28556261,26,-0.0009,0.1232,0.0,,-1.0729,0.0848,,,,
bob,0,28556261,27,-0.0002,0.126,0.0,,-1.0495,0.0856,,,,
bob,0,28556261,28,0.0007,0.1224,0.0,,-1.0748,0.0814,,,,
bob,0,28556261,29,-0.0001,0.1102,0.0,,-1.1174,0.0787,,,,
bob,0,28556261,30,0.0001,0.138,0.0,,-1.0815,0.0943,,,,
bob,0,28556261,31,-0.0003,0.1255,0.0,,-1.0943,0.0875,,,,
bob,0,28556261,32,0.0003,0.1951,0.0,,-1.1393,0.1424,,,,
bob,0,28556261,33,0.0002,0.1742,0.0,,-1.1004,0.1171,,,,
bob,0,28556261,34,-0.0007,0.1122,0.0,,-1.0951,0.08,,,,
bob,0,28556261,35,-0.0006,0.1247,0.0,,-1.0986,0.0893,,,,
bob,0,28556261,36,0.0005,0.1098,0.0,,-1.0848,0.0772,,,,
bob,0,28556261,37,-0.0005,0.1279,0.0,,-1.109,0.0949,,,,
bob,0,28556261,38,-0.0003,0.1508,0.0,,-1.0748,0.11,,,,
bob,0,28556261,39,-0.0006,0.1487,0.0,,-1.1049,0.1003,,,,
bob,0,28556261,40,-0.0001,0.1449,0.0,,-1.0803,0.1115,,,,
bob,0,28556261,41,-0.0018,0.1348,0.0,,-1.0598,0.0982,,,,
bob,0,28556261,42,0.0014,0.107,0.0,,-1.055,0.0749,,,,
bob,0,28556261,43,0.0004,0.1797,0.0,,-1.0407,0.1294,,,,
bob,0,28556261,44,0.0008,0.0973,0.0,,-1.0288,0.069,,,,
bob,0,28556261,45,0.0009,0.1813,0.0,,-1.0271,0.1286,,,,
bob,0,28556261,46,0.0,0.1349,0.0,,-1.0198,0.1049,,,,
bob,0,28556261,47,0.0011,0.1495,0.0,,-1.0271,0.1075,,,,
bob,0,28556261,48,-0.0012,0.1179,0.0,,-1.0368,0.0853,,,,
bob,0,28556261,49,0.0009,0.1422,0.0,,-1.0236,0.1036,,,,
bob,0,28556261,50,-0.001,0.1117,0.0,,-1.0218,0.0813,,,,
bob,0,28556261,51,-0.0004,0.1296,0.0,,-1.0254,0.0968,,,,
bob,0,28556261,52,-0.0001,0.1538,0.0,,-1.017,0.113,,,,
bob,0,28556261,53,0.0021,0.0899,0.0,,-1.0197,0.0737,,,,
bob,0,28556261,54,0.0037,0.0966,0.0,,-1.0214,0.0724,,,,
bob,0,28556261,55,-0.0004,0.1269,0.0,,-1.0212,0.0895,,,,
bob,0,28556261,56,-0.0,0.1137,0.0,,-1.0235,0.0918,,,,
bob,0,28556261,57,0.0003,0.1587,0.0,,-1.0155,0.1132,,,,
bob,0,28556261,58,0.0002,0.1219,0.0,,-1.0224,0.096,,,,
bob,0,28556261,59,-0.0001,0.1094,0.0,,-1.0246,0.0735,,,,
bob,0,28556261,60,-0.0001,0.13,0.0,,-1.0173,0.1033,,,,
bob,0,28556261,61,0.0009,0.1051,0.0,,-1.0186,0.0775,,,,
bob,0,28556261,62,0.0008,0.1221,0.0,,-1.0235,0.0952,,,,
bob,0,28556261,63,0.0009,0.1656,0.0,,-1.0173,0.1196,,,,
bob,0,28556261,64,-0.0,0.1203,0.0,,-1.021,0.0871,,,,
bob,0,28556261,65,-0.0,0.0796,0.0,,-1.0214,0.057,,,,
bob,0,28556261,66,-0.0011,0.1504,0.0,,-1.018,0.1111,,,,
bob,0,28556261,67,-0.0001,0.1497,0.0,,-1.0131,0.1086,,,,
bob,0,28556261,68,-0.0011,0.1229,0.0,,-1.0217,0.0918,,,,
bob,0,28556261,69,0.0007,0.111,0.0,,-1.0202,0.09,,,,
bob,0,28556261,70,0.0013,0.1628,0.0,,-1.0182,0.1211,,,,
bob,0,28556261,71,-0.0006,0.1606,0.0,,-1.0272,0.118,,,,
bob,0,28556261,72,0.0007,0.1225,0.0,,-1.0243,0.0822,,,,
bob,0,28556261,73,0.0003,0.1055,0.0,,-1.019,0.0888,,,,
bob,0,28556261,74,-0.0002,0.1539,0.0,,-1.0239,0.1254,,,,
bob,0,28556261,75,0.0003,0.1197,0.0,,-1.0121,0.082,,,,
bob,0,28556261,76,0.0004,0.1498,0.0,,-1.0175,0.1217,,,,
bob,0,28556261,77,-0.0003,0.0858,0.0,,-1.0178,0.0654,,,,
bob,0,28556261,78,-0.0001,0.1304,0.0,,-1.0182,0.0987,,,,
bob,0,28556261,79,-0.0012,0.1619,0.0,,-1.0195,0.1209,,,,
bob,0,28556261,80,0.0018,0.1122,0.0,,-1.0164,0.0781,,,,
bob,0,28556261,81,0.0004,0.1019,0.0,,-1.0159,0.0809,,,,
bob,0,28556261,82,-0.0005,0.1877,0.0,,-1.0226,0.147,,,,
bob,0,28556261,83,-0.0017,0.1233,0.0,,-1.0226,0.0997,,,,
bob,0,28556261,84,0.0003,0.1412,0.0,,-1.0189,0.1061,,,,
bob,0,28556261,85,0.0002,0.1406,0.0,,-1.0182,0.1046,,,,
bob,0,28556261,86,0.0004,0.1209,0.0,,-1.0262,0.0924,,,,
bob,0,28556261,87,-0.0008,0.153,0.0,,-1.0255,0.1131,,,,
bob,0,28556261,88,-0.0029,0.1236,0.0,,-1.0152,0.1007,,,,
bob,0,28556261,89,0.001,0.1188,0.0,,-1.0194,0.0955,,,,
bob,0,28556261,90,-0.0005,0.1908,0.0,,-1.0202,0.142,,,,
bob,0,28556261,91,-0.0009,0.134,0.0,,-1.0195,0.1048,,,,
bob,0,28556261,92,0.0003,0.1518,0.0,,-1.022,0.1196,,,,
bob,0,28556261,93,-0.0006,0.1632,0.0,,-1.025,0.1234,,,,
bob,0,28556261,94,0.0006,0.1128,0.0,,-1.0232,0.0924,,,,
bob,0,28556261,95,0.002,0.1303,0.0,,-1.017,0.0906,,,,
bob,0,28556261,96,-0.0004,0.11,0.0,,-1.023,0.0803,,,,
bob,0,28556261,97,0.0001,0.1545,0.0,,-1.0234,0.1275,,,,
bob,0,28556261,98,0.0002,0.1409,0.0,,-1.0143,0.1118,,,,
bob,0,28556261,99,-0.0004,0.1412,0.0,,-1.0243,0.1122,,,,
bob,0,28556261,100,-0.0004,0.1155,0.0,,-1.0219,0.087,,,,
bob,0,28556261,101,-0.0015,0.1547,0.0,,-1.0288,0.1297,,,,
bob,0,28556261,102,0.0005,0.1198,0.0,,-1.0325,0.0925,,,,
bob,0,28556261,103,0.0002,0.1079,0.0,,-1.0195,0.0755,,,,
bob,0,28556261,104,0.0001,0.1222,0.0,,-1.0202,0.087,,,,
bob,0,28556261,105,-0.0005,0.1562,0.0,,-1.0307,0.1258,,,,
bob,0,28556261,106,0.0011,0.1033,0.0,,-1.0226,0.0812,,,,
bob,0,28556261,107,-0.0001,0.1655,0.0,,-1.0276,0.1289,,,,
bob,0,28556261,108,-0.0007,0.114,0.0,,-1.0216,0.0819,,,,
bob,0,28556261,109,-0.0025,0.1249,0.0,,-1.0243,0.0957,,,,
bob,0,28556261,110,-0.0,0.1407,0.0,,-1.0269,0.1111,,,,
bob,0,28556261,111,0.0006,0.1669,0.0,,-1.0298,0.1292,,,,
bob,0,28556261,112,-0.0007,0.1301,0.0,,-1.0273,0.1,,,,
bob,0,28556261,113,0.0015,0.1392,0.0,,-1.0213,0.097,,,,
bob,0,28556261,114,0.0006,0.15,0.0,,-1.0244,0.1101,,,,
bob,0,28556261,115,-0.0011,0.1383,0.0,,-1.0274,0.1136,,,,
bob,0,28556261,116,-0.0002,0.1561,0.0,,-1.0195,0.1049,,,,
bob,0,28556261,117,0.0003,0.1343,0.0,,-1.018,0.1027,,,,
bob,0,28556261,118,-0.0007,0.1429,0.0,,-1.0238,0.1084,,,,
bob,0,28556261,119,0.0008,0.1623,0.0,,-1.0157,0.1213,,,,
bob,0,28556261,120,0.0009,0.1379,0.0,,-1.0148,0.1176,,,,
bob,0,28556261,121,-0.0007,0.1433,0.0,,-1.0263,0.1104,,,,
bob,0,28556261,122,0.0004,0.177,0.0,,-1.0261,0.1314,,,,
bob,0,28556261,123,0.0008,0.1705,0.0,,-1.0263,0.135,,,,
bob,0,28556261,124,0.0024,0.1409,0.0,,-1.0205,0.1084,,,,
bob,0,28556261,125,0.0008,0.1489,0.0,,-1.0266,0.1101,,,,
bob,0,28556261,126,0.0019,0.1268,0.0,,-1.022,0.0972,,,,
bob,0,28556261,127,0.0006,0.0951,0.0,,-1.0224,0.0754,,,,
bob,0,28556261,128,0.0013,0.1216,0.0,,-1.0296,0.0906,,,,
bob,0,28556261,129,0.0003,0.1224,0.0,,-1.024,0.0985,,,,
bob,0,28556261,130,0.0004,0.1126,0.0,,-1.027,0.0831,,,,
bob,0,28556261,131,0.0009,0.1201,0.0,,-1.028,0.1018,,,,
bob,0,28556261,132,-0.0004,0.126,0.0,,-1.0239,0.1032,,,,
bob,0,28556261,133,0.0015,0.1154,0.0,,-1.0324,0.1062,,,,
bob,0,28556261,134,0.0014,0.1001,0.0,,-1.0258,0.0623,,,,
bob,0,28556261,135,-0.0001,0.1465,0.0,,-1.0227,0.1101,,,,
bob,0,28556261,136,0.0014,0.1627,0.0,,-1.0283,0.1168,,,,
bob,0,28556261,137,0.001,0.1275,0.0,,-1.0338,0.0923,,,,
bob,0,28556261,138,0.0005,0.1384,0.0,,-1.0249,0.1176,,,,
bob,0,28556261,139,0.0017,0.1435,0.0,,-1.0267,0.1088,,,,
bob,0,28556261,140,0.0002,0.1433,0.0,,-1.0261,0.1029,,,,
bob,0,28556261,141,0.0004,0.1691,0.0,,-1.0312,0.1254,,,,
bob,0,28556261,142,0.0022,0.1366,0.0,,-1.0322,0.1054,,,,
bob,0,28556261,143,0.0036,0.1533,0.0,,-1.0245,0.114,,,,
bob,0,28556261,144,0.0003,0.1521,0.0,,-1.0251,0.1201,,,,
bob,0,28556261,145,0.0009,0.1149,0.0,,-1.03,0.1019,,,,
bob,0,28556261,146,0.0021,0.1556,0.0,,-1.026,0.1264,,,,
bob,0,28556261,147,0.0005,0.1154,0.0,,-1.0337,0.0972,,,,
bob,0,28556261,148,0.0001,0.1403,0.0,,-1.0276,0.1365,,,,
bob,0,28556261,149,0.0007,0.1627,0.0,,-1.0306,0.1326,,,,
bob,0,28556261,150,-0.0004,0.17,0.0,,-1.025,0.1306,,,,
bob,0,28556261,151,0.0025,0.1595,0.0,,-1.0439,0.1257,,,,
bob,0,28556261,152,0.0014,0.1263,0.0,,-1.0365,0.1008,,,,
bob,0,28556261,153,0.001,0.1798,0.0,,-1.0291,0.1475,,,,
bob,0,28556261,154,0.0003,0.1405,0.0,,-1.0328,0.1138,,,,
bob,0,28556261,155,0.0023,0.1432,0.0,,-1.0238,0.1161,,,,
bob,0,28556261,156,0.0008,0.1806,0.0,,-1.0255,0.1267,,,,
bob,0,28556261,157,0.002,0.1702,0.0,,-1.0285,0.1349,,,,
bob,0,28556261,158,0.0009,0.1433,0.0,,-1.026,0.1114,,,,
bob,0,28556261,159,0.0,0.1635,0.0,,-1.0372,0.1136,,,,
bob,0,28556261,160,0.0019,0.1573,0.0,,-1.0299,0.118,,,,
bob,0,28556261,161,0.0022,0.1707,0.0,,-1.0261,0.1345,,,,
bob,0,28556261,162,0.0013,0.1376,0.0,,-1.0409,0.1108,,,,
bob,0,28556261,163,0.0008,0.1318,0.0,,-1.0255,0.0951,,,,
bob,0,28556261,164,0.0018,0.1714,0.0,,-1.0281,0.1413,,,,
bob,0,28556261,165,0.0002,0.1594,0.0,,-1.0262,0.1233,,,,
bob,0,28556261,166,0.0026,0.1758,0.0,,-1.0237,0.141,,,,
bob,0,28556261,167,0.0006,0.1377,0.0,,-1.0235,0.1019,,,,
bob,0,28556261,168,0.0004,0.1599,0.0,,-1.0284,0.1254,,,,
bob,0,28556261,169,0.0026,0.1341,0.0,,-1.0289,0.1071,,,,
bob,0,28556261,170,0.0005,0.1354,0.0,,-1.034,0.1074,,,,
bob,0,28556261,171,0.0028,0.1159,0.0,,-1.0291,0.1045,,,,
bob,0,28556261,172,0.0016,0.1422,0.0,,-1.0363,0.1164,,,,
bob,0,28556261,173,0.0017,0.1862,0.0,,-1.0423,0.1454,,,,
bob,0,28556261,174,0.0015,0.1663,0.0,,-1.042,0.1304,,,,
bob,0,28556261,175,0.0026,0.179,0.0,,-1.0367,0.1491,,,,
bob,0,28556261,176,0.0012,0.1472,0.0,,-1.027,0.1117,,,,
bob,0,28556261,177,0.0001,0.1643,0.0,,-1.0315,0.1217,,,,
bob,0,28556261,178,0.0041,0.1228,0.0,,-1.0282,0.1021,,,,
bob,0,28556261,179,0.0019,0.1077,0.0,,-1.0341,0.079,,,,
bob,0,28556261,180,0.0024,0.1432,0.0,,-1.0196,0.1167,,,,
bob,0,28556261,181,-0.0,0.1044,0.0,,-1.0356,0.095,,,,
bob,0,28556261,182,0.0027,0.1129,0.0,,-1.029,0.0771,,,,
bob,0,28556261,183,0.0033,0.1447,0.0,,-1.0321,0.1135,,,,
bob,0,28556261,184,0.0019,0.1213,0.0,,-1.0314,0.0838,,,,
bob,0,28556261,185,0.0005,0.1272,0.0,,-1.0258,0.1094,,,,
bob,0,28556261,186,0.0011,0.1659,0.0,,-1.0373,0.123,,,,
bob,0,28556261,187,0.0004,0.1343,0.0,,-1.0353,0.0928,,,,
bob,0,28556261,188,0.0009,0.1448,0.0,,-1.0286,0.1039,,,,
bob,0,28556261,189,0.0032,0.1461,0.0,,-1.033,0.1236,,,,
bob,0,28556261,190,0.001,0.1463,0.0,,-1.0315,0.1042,,,,
bob,0,28556261,191,0.0016,0.1251,0.0,,-1.0415,0.0938,,,,
bob,0,28556261,192,0.0021,0.1067,0.0,,-1.0361,0.0865,,,,
bob,0,28556261,193,0.0019,0.154,0.0,,-1.042,0.1197,,,,
bob,0,28556261,194,-0.0007,0.1386,0.0,,-1.0329,0.1047,,,,
bob,0,28556261,195,0.0016,0.1642,0.0,,-1.0405,0.126,,,,
bob,0,28556261,196,0.0007,0.1681,0.0,,-1.0374,0.1387,,,,
bob,0,28556261,197,0.0019,0.1371,0.0,,-1.0288,0.1114,,,,
bob,0,28556261,198,0.0035,0.1421,0.0,,-1.0355,0.1146,,,,
bob,0,28556261,199,0.0034,0.1295,0.0,,-1.0353,0.099,,,,
bob,0,28556261,200,0.0005,0.1037,0.0,,-1.0386,0.0761,,,,
bob,0,28556261,201,0.0025,0.1602,0.0,,-1.036,0.1224,,,,
bob,0,28556261,202,0.0021,0.1577,0.0,,-1.0429,0.1111,,,,
bob,0,28556261,203,0.0027,0.133,0.0,,-1.0272,0.1085,,,,
bob,0,28556261,204,0.0008,0.1485,0.0,,-1.035,0.1238,,,,
bob,0,28556261,205,0.0014,0.1312,0.0,,-1.0358,0.1065,,,,
bob,0,28556261,206,0.0019,0.1362,0.0,,-1.0369,0.1081,,,,
bob,0,28556261,207,0.0016,0.1637,0.0,,-1.0325,0.1263,,,,
bob,0,28556261,208,0.0002,0.1551,0.0,,-1.0285,0.1114,,,,
bob,0,28556261,209,0.0021,0.1499,0.0,,-1.0322,0.1166,,,,
bob,0,28556261,210,-0.0015,0.1285,0.0,,-1.0281,0.1058,,,,
bob,0,28556261,211,0.0019,0.1307,0.0,,-1.03,0.0993,,,,
bob,0,28556261,212,-0.0001,0.1409,0.0,,-1.0296,0.1117,,,,
bob,0,28556261,213,0.0012,0.1387,0.0,,-1.0305,0.1084,,,,
bob,0,28556261,214,-0.0001,0.1412,0.0,,-1.036,0.0961,,,,
bob,0,28556261,215,0.0013,0.1493,0.0,,-1.0368,0.1195,,,,
bob,0,28556261,216,0.0007,0.1521,0.0,,-1.0418,0.1045,,,,
bob,0,28556261,217,0.0033,0.1689,0.0,,-1.0395,0.1313,,,,
bob,0,28556261,218,0.001,0.1571,0.0,,-1.033,0.1295,,,,
bob,0,28556261,219,0.0011,0.1234,0.0,,-1.0317,0.1013,,,,
bob,0,28556261,220,0.0017,0.1404,0.0,,-1.0297,0.1042,,,,
bob,0,28556261,221,0.0005,0.1441,0.0,,-1.0381,0.1066,,,,
bob,0,28556261,222,0.0003,0.1646,0.0,,-1.0332,0.1287,,,,
bob,0,28556261,223,-0.0005,0.128,0.0,,-1.036,0.099,,,,
bob,0,28556261,224,0.0012,0.1207,0.0,,-1.0346,0.0952,,,,
bob,0,28556261,225,0.0009,0.1431,0.0,,-1.0419,0.1017,,,,
bob,0,28556261,226,0.0011,0.1323,0.0,,-1.0386,0.102,,,,
bob,0,28556261,227,0.0042,0.1346,0.0,,-1.0365,0.104,,,,
bob,0,28556261,228,0.001,0.1301,0.0,,-1.0405,0.0953,,,,
bob,0,28556261,229,0.0007,0.1482,0.0,,-1.0303,0.1182,,,,
bob,0,28556261,230,0.0024,0.1582,0.0,,-1.0417,0.1137,,,,
bob,0,28556261,231,0.0037,0.1552,0.0,,-1.0424,0.1274,,,,
bob,0,28556261,232,0.0011,0.1501,0.0,,-1.0426,0.1407,,,,
bob,0,28556261,233,0.0043,0.1588,0.0,,-1.0389,0.1182,,,,
bob,0,28556261,234,0.0027,0.166,0.0,,-1.0435,0.1359,,,,
bob,0,28556261,235,0.0024,0.1552,0.0,,-1.04,0.1186,,,,
bob,0,28556261,236,0.0005,0.178,0.0,,-1.0353,0.1338,,,,
bob,0,28556261,237,0.0019,0.1463,0.0,,-1.036,0.1185,,,,
bob,0,28556261,238,0.0011,0.1514,0.0,,-1.0305,0.1238,,,,
bob,0,28556261,239,-0.0004,0.1849,0.0,,-1.0344,0.1542,,,,
bob,0,28556261,240,0.0014,0.1523,0.0,,-1.0402,0.1176,,,,
bob,0,28556261,241,0.002,0.1675,0.0,,-1.0385,0.1397,,,,
bob,0,28556261,242,0.0001,0.1244,0.0,,-1.0289,0.101,,,,
bob,0,28556261,243,0.0012,0.1479,0.0,,-1.0404,0.1229,,,,
bob,0,28556261,244,0.0017,0.1555,0.0,,-1.0382,0.1181,,,,
bob,0,28556261,245,0.0012,0.1213,0.0,,-1.0387,0.0898,,,,
bob,0,28556261,246,0.0019,0.1314,0.0,,-1.0345,0.1066,,,,
bob,0,28556261,247,0.0028,0.1616,0.0,,-1.0448,0.1178,,,,
bob,0,28556261,248,0.0013,0.1515,0.0,,-1.0383,0.1195,,,,
bob,0,28556261,249,0.0016,0.1594,0.0,,-1.0435,0.1122,,,,
bob,0,28556261,250,0.0006,0.1375,0.0,,-1.0389,0.1121,,,,
bob,0,28556261,251,0.0019,0.153,0.0,,-1.0358,0.1044,,,,
bob,0,28556261,252,0.0028,0.1302,0.0,,-1.0389,0.0951,,,,
bob,0,28556261,253,0.0016,0.144,0.0,,-1.0391,0.1175,,,,
bob,0,28568871,254,0.0012,0.1953,0.0,,-1.0797,0.1457,,,,
bob,0,28568871,255,0.0001,0.1745,0.0,,-1.071,0.1167,,,,
bob,0,28568871,256,0.0032,0.1901,0.0,,-1.0742,0.1455,,,,
bob,0,28568871,257,0.0018,0.1782,0.0,,-1.0657,0.1571,,,,
bob,0,28568871,258,0.0007,0.1917,0.0,,-1.0625,0.1403,,,,
bob,0,28568871,259,0.001,0.1417,0.0,,-1.0679,0.1098,,,,
bob,0,28568871,260,0.0028,0.1854,0.0,,-1.0722,0.1506,,,,
bob,0,28568871,261,0.004,0.1801,0.0,,-1.0635,0.1415,,,,
bob,0,28568871,262,0.0022,0.1878,0.0,,-1.0648,0.1505,,,,
bob,0,28568871,263,0.0022,0.1368,0.0,,-1.0585,0.0991,,,,
bob,0,28568871,264,0.0012,0.1812,0.0,,-1.0604,0.135,,,,
bob,0,28568871,265,0.0,0.1647,0.0,,-1.0643,0.1312,,,,
bob,0,28568871,266,0.0027,0.1548,0.0,,-1.0727,0.1116,,,,
bob,0,28568871,267,0.0026,0.1633,0.0,,-1.0677,0.1282,,,,
bob,0,28568871,268,0.0029,0.1599,0.0,,-1.0625,0.1267,,,,
bob,0,28568871,269,0.0037,0.1666,0.0,,-1.0455,0.1302,,,,
bob,0,28568871,270,0.0018,0.1838,0.0,,-1.0633,0.1366,,,,
bob,0,28568871,271,0.0014,0.1845,0.0,,-1.0578,0.1375,,,,
bob,0,28568871,272,0.0015,0.173,0.0,,-1.0607,0.1361,,,,
bob,0,28568871,273,0.0043,0.1702,0.0,,-1.0494,0.12,,,,
bob,0,28568871,274,0.0043,0.189,0.0,,-1.0619,0.1318,,,,
bob,0,28568871,275,0.0009,0.2023,0.0,,-1.0516,0.1663,,,,
bob,0,28568871,276,0.0037,0.1633,0.0,,-1.0502,0.1297,,,,
bob,0,28568871,277,0.0021,0.1983,0.0,,-1.0516,0.1441,,,,
bob,0,28568871,278,0.0026,0.1594,0.0,,-1.0512,0.1193,,,,
bob,0,28568871,279,0.0009,0.1655,0.0,,-1.0462,0.1324,,,,
bob,0,28568871,280,0.0016,0.2054,0.0,,-1.0358,0.1663,,,,
bob,0,28568871,281,0.0024,0.1806,0.0,,-1.0445,0.1338,,,,
bob,0,28568871,282,0.0034,0.1932,0.0,,-1.0423,0.1584,,,,
bob,0,28568871,283,0.0021,0.2043,0.0,,-1.0655,0.1597,,,,
bob,0,28568871,284,0.0047,0.2242,0.0,,-1.0424,0.1752,,,,
bob,0,28568871,285,0.0029,0.1866,0.0,,-1.0377,0.1442,,,,
bob,0,28568871,286,0.0035,0.1883,0.0,,-1.0432,0.1542,,,,
bob,0,28568871,287,0.0023,0.1827,0.0,,-1.0499,0.1435,,,,
bob,0,28568871,288,0.0025,0.1914,0.0,,-1.0441,0.1462,,,,
bob,0,28568871,289,0.0025,0.1794,0.0,,-1.0526,0.1361,,,,
bob,0,28568871,290,0.0039,0.1986,0.0,,-1.0469,0.1636,,,,
bob,0,28568871,291,0.0028,0.1875,0.0,,-1.0414,0.1475,,,,
bob,0,28568871,292,0.0036,0.1896,0.0,,-1.0526,0.1528,,,,
bob,0,28568871,293,0.0033,0.1766,0.0,,-1.0583,0.1429,,,,
bob,0,28568871,294,0.005,0.1853,0.0,,-1.0517,0.1573,,,,
bob,0,28568871,295,0.0029,0.1976,0.0,,-1.048,0.165,,,,
bob,0,28568871,296,0.0009,0.2125,0.0,,-1.0506,0.1637,,,,
bob,0,28568871,297,0.0033,0.2162,0.0,,-1.0451,0.1632,,,,
bob,0,28568871,298,0.002,0.1725,0.0,,-1.0536,0.1341,,,,
bob,0,28568871,299,0.0027,0.1756,0.0,,-1.0508,0.1324,,,,
bob,0,28568871,300,0.0024,0.1553,0.0,,-1.056,0.1236,,,,
bob,0,28568871,301,0.0014,0.1672,0.0,,-1.0531,0.129,,,,
bob,0,28568871,302,0.0037,0.2,0.0,,-1.0533,0.147,,,,
bob,0,28568871,303,-0.0005,0.2297,0.0,,-1.0414,0.1843,,,,
bob,0,28568871,304,0.0053,0.2205,0.0,,-1.0507,0.1486,,,,
bob,0,28568871,305,0.0012,0.2189,0.0,,-1.048,0.181,,,,
bob,0,28568871,306,0.0036,0.2146,0.0,,-1.0502,0.1667,,,,
bob,0,28568871,307,0.0002,0.2515,0.0,,-1.0546,0.2128,,,,
bob,0,28568871,308,0.005,0.2063,0.0,,-1.0578,0.155,,,,
bob,0,28568871,309,-0.0001,0.2291,0.0,,-1.0526,0.1829,,,,
bob,0,28568871,310,0.0009,0.2421,0.0,,-1.0419,0.2057,,,,
bob,0,28568871,311,0.0002,0.268,0.0,,-1.0486,0.2067,,,,
bob,0,28568871,312,0.0027,0.2279,0.0,,-1.0432,0.1961,,,,
bob,0,28568871,313,0.0044,0.2145,0.0,,-1.0513,0.1682,,,,
bob,0,28568871,314,0.006,0.2128,0.0,,-1.0524,0.1604,,,,
bob,0,28568871,315,0.0009,0.1731,0.0,,-1.0463,0.1286,,,,
bob,0,28568871,316,0.0057,0.2316,0.0,,-1.0431,0.1695,,,,
bob,0,28568871,317,0.0023,0.1978,0.0,,-1.0419,0.1383,,,,
bob,0,28568871,318,0.0072,0.2002,0.0,,-1.0454,0.1654,,,,
bob,0,28568871,319,0.0044,0.2279,0.0,,-1.0485,0.1745,,,,
bob,0,28568871,320,0.0026,0.2602,0.0,,-1.048,0.2114,,,,
bob,0,28568871,321,0.0023,0.2691,0.0,,-1.0435,0.2326,,,,
bob,0,28568871,322,0.0012,0.2558,0.0,,-1.0553,0.1927,,,,
bob,0,28568871,323,0.0041,0.2403,0.0,,-1.0478,0.1831,,,,
bob,0,28568871,324,0.005,0.2154,0.0,,-1.0485,0.1644,,,,
bob,0,28568871,325,0.0015,0.2394,0.0,,-1.0546,0.1873,,,,
bob,0,28568871,326,0.001,0.2169,0.0,,-1.0434,0.1576,,,,
bob,0,28568871,327,0.0074,0.2627,0.0,,-1.0396,0.1948,,,,
bob,0,28568871,328,-0.0,0.2328,0.0,,-1.0507,0.1856,,,,
bob,0,28568871,329,0.0072,0.2279,0.0,,-1.0597,0.1777,,,,
bob,0,28568871,330,0.0045,0.1521,0.0,,-1.0361,0.1155,,,,
bob,0,28568871,331,0.0049,0.2246,0.0,,-1.0545,0.1722,,,,
bob,0,28568871,332,0.0024,0.2814,0.0,,-1.048,0.2109,,,,
bob,0,28568871,333,0.0066,0.2428,0.0,,-1.0511,0.2105,,,,
bob,0,28568871,334,0.0065,0.2335,0.0,,-1.0529,0.2005,,,,
bob,0,28568871,335,0.0029,0.2504,0.0,,-1.0527,0.1969,,,,
bob,0,28568871,336,0.0051,0.2016,0.0,,-1.0465,0.1446,,,,
bob,0,28568871,337,-0.0001,0.2205,0.0,,-1.058,0.1722,,,,
bob,0,28568871,338,0.0027,0.2449,0.0,,-1.0473,0.1856,,,,
bob,0,28568871,339,-0.0001,0.2779,0.0,,-1.0488,0.2311,,,,
bob,0,28568871,340,0.0015,0.2346,0.0,,-1.0356,0.1845,,,,
bob,0,28568871,341,0.0042,0.3061,0.0,,-1.0403,0.2405,,,,
bob,0,28568871,342,0.0013,0.2708,0.0,,-1.0356,0.2111,,,,
bob,0,28568871,343,0.0053,0.2503,0.0,,-1.036,0.215,,,,
bob,0,28568871,344,0.0023,0.234,0.0,,-1.0404,0.169,,,,
bob,0,28568871,345,0.0003,0.2102,0.0,,-1.0455,0.1702,,,,
bob,0,28568871,346,0.001,0.2516,0.0,,-1.0513,0.1971,,,,
bob,0,28568871,347,0.0001,0.2956,0.0,,-1.0489,0.2232,,,,
bob,0,28568871,348,0.0022,0.2359,0.0,,-1.0458,0.1758,,,,
bob,0,28568871,349,0.006,0.2592,0.0,,-1.0542,0.2183,,,,
bob,0,28568871,350,-0.0009,0.2856,0.0,,-1.0469,0.222,,,,
bob,0,28568871,351,0.0068,0.2489,0.0,,-1.0372,0.1976,,,,
bob,0,28568871,352,0.0009,0.2385,0.0,,-1.0459,0.1806,,,,
bob,0,28568871,353,0.0091,0.2034,0.0,,-1.0456,0.1439,,,,
bob,0,28568871,354,0.0019,0.2615,0.0,,-1.0404,0.1995,,,,
bob,0,28568871,355,0.0,0.2704,0.0,,-1.051,0.2149,,,,
bob,0,28568871,356,0.0022,0.2479,0.0,,-1.0392,0.1758,,,,
bob,0,28568871,357,0.0028,0.2992,0.0,,-1.044,0.2433,,,,
bob,0,28568871,358,0.0033,0.2923,0.0,,-1.041,0.236,,,,
bob,0,28568871,359,0.001,0.2704,0.0,,-1.0515,0.2163,,,,
bob,0,28568871,360,-0.0007,0.2961,0.0,,-1.0451,0.2201,,,,
bob,0,28568871,361,0.002,0.2938,0.0,,-1.0514,0.2424,,,,
bob,0,28568871,362,0.0052,0.3051,0.0,,-1.0335,0.2429,,,,
bob,0,28568871,363,0.0035,0.2586,0.0,,-1.0516,0.2088,,,,
bob,0,28568871,364,0.0129,0.2433,0.0,,-1.0438,0.2067,,,,
bob,0,28568871,365,0.0003,0.3063,0.0,,-1.0515,0.247,,,,
bob,0,28568871,366,0.0011,0.293,0.0,,-1.0429,0.229,,,,
bob,0,28568871,367,0.0023,0.2666,0.0,,-1.0458,0.205,,,,
bob,0,28568871,368,0.0054,0.2797,0.0,,-1.0306,0.212,,,,
bob,0,28568871,369,0.0031,0.3039,0.0,,-1.0355,0.2448,,,,
bob,0,28568871,370,0.0101,0.2773,0.0,,-1.0309,0.2241,,,,
bob,0,28568871,371,0.0022,0.2869,0.0,,-1.04,0.2379,,,,
bob,0,28568871,372,0.0033,0.3286,0.0,,-1.0414,0.256,,,,
bob,0,28568871,373,0.0023,0.2993,0.0,,-1.0458,0.2393,,,,
bob,0,28568871,374,0.002,0.2604,0.0,,-1.0469,0.2045,,,,
bob,0,28568871,375,0.0018,0.2995,0.0,,-1.0392,0.2302,,,,
bob,0,28568871,376,0.0034,0.2647,0.0,,-1.0414,0.2188,,,,
bob,0,28568871,377,0.0017,0.2991,0.0,,-1.0297,0.2414,,,,
bob,0,28568871,378,0.0038,0.3118,0.0,,-1.0419,0.2442,,,,
bob,0,28568871,379,0.0029,0.2795,0.0,,-1.0409,0.2372,,,,
bob,0,28568871,380,0.0101,0.2808,0.0,,-1.0531,0.2429,,,,
bob,0,28568871,381,0.0043,0.2708,0.0,,-1.0489,0.217,,,,
bob,0,28568871,382,0.0081,0.2728,0.0,,-1.0438,0.2187,,,,
bob,0,28568871,383,0.0033,0.2781,0.0,,-1.0427,0.2233,,,,
bob,0,28568871,384,0.003,0.2364,0.0,,-1.0407,0.1847,,,,
bob,0,28568871,385,0.007,0.2883,0.0,,-1.059,0.223,,,,
bob,0,28568871,386,0.0023,0.2595,0.0,,-1.0442,0.2232,,,,
bob,0,28568871,387,0.0021,0.2679,0.0,,-1.0359,0.2202,,,,
bob,0,28568871,388,0.0049,0.2955,0.0,,-1.0454,0.2276,,,,
bob,0,28568871,389,0.0014,0.292,0.0,,-1.0471,0.2255,,,,
bob,0,28568871,390,0.0007,0.2884,0.0,,-1.0421,0.245,,,,
bob,0,28568871,391,0.0086,0.2474,0.0,,-1.0589,0.1882,,,,
bob,0,28568871,392,0.0072,0.2349,0.0,,-1.0502,0.1889,,,,
bob,0,28568871,393,0.0016,0.2769,0.0,,-1.0445,0.2302,,,,
bob,0,28568871,394,-0.0001,0.3541,0.0,,-1.0365,0.2725,,,,
bob,0,28568871,395,-0.0004,0.3133,0.0,,-1.0488,0.269,,,,
bob,0,28568871,396,0.0012,0.2719,0.0,,-1.0438,0.2342,,,,
bob,0,28568871,397,0.0047,0.2277,0.0,,-1.0547,0.1926,,,,
bob,0,28568871,398,0.0062,0.2645,0.0,,-1.0451,0.2318,,,,
bob,0,28568871,399,0.0039,0.2943,0.0,,-1.0372,0.2214,,,,
bob,0,28568871,400,0.0007,0.3048,0.0,,-1.0439,0.234,,,,
bob,0,28568871,401,-0.0006,0.3135,0.0,,-1.06,0.2575,,,,
bob,0,28568871,402,0.0024,0.2791,0.0,,-1.0394,0.2,,,,
bob,0,28568871,403,0.0018,0.3124,0.0,,-1.035,0.2533,,,,
bob,0,28568871,404,0.0086,0.3039,0.0,,-1.0496,0.2562,,,,
bob,0,28568871,405,0.007,0.2611,0.0,,-1.0393,0.2191,,,,
bob,0,28568871,406,0.0009,0.3074,0.0,,-1.0478,0.2373,,,,
bob,0,28568871,407,0.0087,0.256,0.0,,-1.0426,0.2248,,,,
bob,0,28568871,408,0.0034,0.3059,0.0,,-1.0346,0.2328,,,,
bob,0,28568871,409,0.003,0.3081,0.0,,-1.0429,0.2354,,,,
bob,0,28568871,410,0.0012,0.2771,0.0,,-1.0408,0.2385,,,,
bob,0,28568871,411,-0.0006,0.3268,0.0,,-1.043,0.2528,,,,
bob,0,28568871,412,0.0126,0.28,0.0,,-1.0506,0.2511,,,,
bob,0,28568871,413,0.0033,0.298,0.0,,-1.0523,0.2389,,,,
bob,0,28568871,414,0.01,0.3112,0.0,,-1.028,0.2555,,,,
bob,0,28568871,415,0.0004,0.286,0.0,,-1.0409,0.2212,,,,
bob,0,28568871,416,0.0015,0.3437,0.0,,-1.0426,0.2731,,,,
bob,0,28568871,417,0.0033,0.3112,0.0,,-1.0496,0.2587,,,,
bob,0,28568871,418,0.0027,0.2795,0.0,,-1.0494,0.2419,,,,
bob,0,28568871,419,0.0041,0.2745,0.0,,-1.0426,0.2393,,,,
bob,0,28568871,420,0.002,0.3189,0.0,,-1.0439,0.2715,,,,
bob,0,28568871,421,0.006,0.2569,0.0,,-1.0441,0.2262,,,,
bob,0,28568871,422,0.0113,0.3011,0.0,,-1.0479,0.2453,,,,
bob,0,28568871,423,0.0098,0.2545,0.0,,-1.0473,0.2387,,,,
bob,0,28568871,424,-0.0017,0.2769,0.0,,-1.0456,0.2088,,,,
